{
  "project_info": {
    "project_number": "724303075777",
    "firebase_url": "https://picapp-e01d0.firebaseio.com",
    "project_id": "picapp-e01d0",
    "storage_bucket": "picapp-e01d0.appspot.com"
  },
  "client": [
    {
      "client_info": {
        "mobilesdk_app_id": "1:724303075777:android:cd415dbaf50d963fe43740",
        "android_client_info": {
          "package_name": "com.afeka.picapp"
        }
      },
      "oauth_client": [
        {
          "client_id": "724303075777-96lgpaspduje8okj01mct27po627rked.apps.googleusercontent.com",
          "client_type": 3
        }
      ],
      "api_key": [
        {
          "current_key": "AIzaSyBMCuYSWN0XXV03FefaEvorQ0ipvBFTKMw"
        }
      ],
      "services": {
        "appinvite_service": {
          "other_platform_oauth_client": [
            {
              "client_id": "724303075777-96lgpaspduje8okj01mct27po627rked.apps.googleusercontent.com",
              "client_type": 3
            }
          ]
        }
      }
    }
  ],
  "configuration_version": "1"
}